symbol,name2,sector
700,tencent holdings limited,technology services
9988,alibaba group holding ltd,retail trade
1398,industrial & commercial bk of china,finance
939,china construction bank,finance
3968,china merchants bank co ltd,finance
1288,agricultural bank of china,finance
5,hsbc holdings plc,finance
941,china mobile ltd (hk),communications
2318,ping an insurance(group)co.of china,finance
857,petrochina co,energy minerals
3988,bank of china ltd,finance
1299,aia group limited,finance
3690,meituan,transportation
2628,china life insurance co,finance
1211,byd company limited,consumer durables
9618,jd.com inc,retail trade
1088,china shenhua energy company ltd,energy minerals
386,china petroleum & chemical corp,energy minerals
1880,china tourism group duty free corp,retail trade
1658,postal savings bank of china co,finance
883,cnooc limited,energy minerals
9633,nongfu spring co ltd,consumer non-durables
388,hong kong exchanges & clearing,finance
728,china telecom corporation,communications
9999,netease inc,technology services
3328,bank of communications co ltd,finance
9888,baidu inc,technology services
2899,zijin mining group co.ltd,non-energy minerals
6030,citic securities co ltd,finance
2378,prudential,finance
1876,budweiser brewing company apac ltd,consumer non-durables
2359,wuxi apptec co ltd,health technology
16,sun hung kai properties ltd,finance
2020,anta sports products,consumer non-durables
2269,wuxi biologics (cayman) inc,health technology
1024,kuaishou technology,technology services
1810,xiaomi corporation,electronic technology
2388,boc hong kong(hldgs) ltd,finance
6690,haier smart home co ltd,consumer durables
1109,china resources land,finance
945,manulife financial corp,finance
2601,china pacific insurance (group) co.,finance
66,mtr corporation ltd,transportation
267,citic limited,finance
998,china citic bank corporation ltd,finance
11,hang seng bank,finance
1928,sands china ltd,consumer services
2202,china vanke co. ltd,finance
1339,the people s insurance company grou,finance
27,galaxy entertainment group limited,consumer services
688,china overseas land & investmnts,finance
2333,great wall motor company limited,consumer durables
6160,beigene ltd,health technology
6066,csc financial co ltd,finance
6618,jd health international inc,health services
981,semiconductor manufacturing intl co,electronic technology
291,china resources beer (holdings) co,consumer non-durables
2888,standard chartered plc,finance
2423,ke holdings inc,technology services
2331,li ning co ltd,consumer non-durables
9987,yum china holdings inc,consumer services
1,ck hutchison holdings limited,retail trade
669,techtronic industries co,consumer durables
2057,zto express (cayman) inc,transportation
6818,china everbright bank co ltd,finance
9961,trip com group ltd,consumer services
1113,ck asset holdings ltd,finance
753,air china ltd,transportation
1919,cosco shipping holdings,transportation
914,anhui conch cement,non-energy minerals
1171,yankuang energy group company ltd,energy minerals
1929,chow tai fook jewellery group ltd,consumer durables
3908,china intl capital corporation ltd,finance
1772,ganfeng lithium group co ltd,process industries
2328,picc property & casualty co,finance
1988,china minsheng banking corp,finance
2015,li auto inc,consumer durables
762,china unicom (hong kong) limited,communications
9696,tianqi lithium corporation,process industries
1766,crrc corporation limited,producer manufacturing
788,china tower corp ltd,communications
2313,shenzhou international group hldgs,consumer non-durables
960,longfor group hldgs ltd,finance
390,china railway group limited,industrial services
916,china longyuan power group corp ltd,utilities
1776,gf securities co ltd,finance
2319,china mengniu dairy co,consumer non-durables
1055,china southern airlines company ltd,transportation
2,clp holdings ltd,utilities
1816,cgn power co ltd,utilities
12,henderson land development co,finance
3,hongkong & china gas co. ltd.,utilities
2688,enn energy holdings ltd,utilities
1997,wharf real estate investment co ltd,finance
763,zte corporation,electronic technology
2611,guotai junan securities co ltd,finance
6099,china merchants securities co ltd,finance
168,tsingtao brewery co,consumer non-durables
1800,china communications construction,industrial services
9866,nio inc,consumer durables
1972,swire properties ltd,finance
6886,huatai securities co ltd,finance
6837,haitong securities co ltd,finance
6862,haidilao intl hldg ltd,consumer services
175,geely automobile holdings limited,consumer durables
3993,cmoc group limited,distribution services
1898,china coal energy company,energy minerals
2382,sunny optical technology group,electronic technology
3347,hangzhou tigermed consulting co ltd,commercial services
1913,prada spa,consumer non-durables
1179,h world group limited,consumer services
6806,shenwan hongyuan group co ltd,finance
1186,china railway construction corp,industrial services
2238,guangzhou automobile group,consumer durables
1698,tencent music entertainment group,technology services
2338,weichai power co,producer manufacturing
3606,fuyao glass industry group co. ltd.,consumer durables
1093,cspc pharmaceutical group limited,health technology
3898,zhuzhou crrc times electric co ltd,producer manufacturing
881,zhongsheng group holdings limited,retail trade
902,huaneng power international inc,utilities
3759,pharmaron beijing co ltd,commercial services
670,china eastern airlines corp,transportation
2618,jd logistics inc,transportation
1038,ck infrastructure holdings limited,utilities
2196,shanghai fosun pharmaceutical group,health technology
1336,new china life insurance co ltd,finance
1209,china resources mixc lifest svs ltd,finance
3958,dfzq,finance
3692,hansoh pharmaceutical group co ltd,health technology
241,alibaba health information tech ltd,technology services
6,power assets holdings ltd.,utilities
1787,shandong gold mining co ltd,non-energy minerals
87,swire pacific,consumer non-durables
19,swire pacific,consumer non-durables
2600,aluminum corp of china(chalco),distribution services
316,orient overseas int,transportation
6881,china galaxy securities co,finance
968,xinyi solar holdings limited,electronic technology
1177,sino biopharmaceutical,health technology
9626,bilibili inc,technology services
83,sino land co,finance
1378,china hongqiao group ltd,non-energy minerals
6865,flat glass group co ltd,process industries
836,china resources power hldgs co,utilities
6178,everbright securities company ltd,finance
2076,kanzhun ltd,technology services
2007,country garden hldgs co ltd,finance
6823,hkt trust and hkt ltd,communications
1821,esr group limited,finance
1193,china resources gas group ltd.,utilities
6969,smoore intl hdgs ltd,consumer non-durables
992,lenovo group limited,electronic technology
322,tingyi(cayman islands)hldg corp,consumer non-durables
1618,metallurgical corp of china ltd,industrial services
1072,dongfang electric corporation ltd.,producer manufacturing
2607,shanghai pharmaceuticals holding co,health technology
2883,china oilfield services,industrial services
6186,china feihe ltd,consumer non-durables
6821,asymchem laboratories (tianjin) co,health technology
2016,china zheshang bank co. ltd,finance
20,sensetime grp inc,technology services
486,united company rusal ipjsc,non-energy minerals
868,xinyi glass hldgs,consumer durables
6098,country garden svcs hldgs co ltd,finance
101,hang lung properties (hlp),finance
1797,koolearn technology hldg ltd,commercial services
1138,cosco shipping engy tpt co ltd,transportation
151,want want china holdings ltd,consumer non-durables
1801,innovent biologics inc,health technology
358,jiangxi copper co,non-energy minerals
384,china gas holdings,utilities
2727,shanghai electric holding group co,producer manufacturing
1877,shanghai junshi biosciences co ltd,health technology
4,wharf(hldgs),finance
9868,xpeng inc,consumer durables
656,fosun international,finance
1066,shandong weigao group medical,health technology
288,wh group limited,consumer non-durables
1099,sinopharm group co. ltd.,health technology
268,kingdee intl software group,technology services
3323,china national building material co,non-energy minerals
285,byd electronic international co. lt,electronic technology
1548,genscript biotech corporation,health technology
1071,huadian power international corp,utilities
270,guangdong investment,utilities
17,new world development co,finance
3800,gcl technology holdings ltd,producer manufacturing
9901,new oriental ed & technology gp inc,consumer services
1157,zoomlion heavy ind sc&th co ltd,producer manufacturing
135,kunlun energy company limited,utilities
6963,sunshine insurance group co ltd,finance
874,guangzhou baiyunshan pharmaceutical,health technology
293,cathay pacific airways,transportation
3969,china railway signal & com corp ltd,electronic technology
2066,shengjing bank,finance
1385,shanghai fudan microelectronics gro,electronic technology
2208,xinjiang goldwind science&technolog,producer manufacturing
1585,yadea group holdings ltd,consumer durables
3799,dali foods group company limited,consumer non-durables
1128,wynn macau ltd,consumer services
696,travelsky technology,technology services
3998,bosideng international hldgs,consumer non-durables
2638,hk elec invs&hk elec invs ltd,utilities
6110,topsports international hold,retail trade
9995,remegen co ltd,health technology
9889,dongguan rural commercial bank co l,finance
853,microport scientific corporation,health technology
6689,chongqing hongjiu fruit co ltd,distribution services
177,jiangsu expressway co,transportation
3311,china state construction intl hldg,industrial services
991,datang international power generati,utilities
1044,hengan international,consumer non-durables
2588,boc aviation ltd,finance
1359,china cinda asset management co,finance
3668,yancoal australia ltd,energy minerals
144,china merchants port hldgs ltd,transportation
2380,china power international develop,utilities
3618,chongqing rural commercial bank,finance
1308,sitc international hldgs co ltd,transportation
780,tongcheng travel holdings limited,consumer services
1908,c&d international investment gp ltd,finance
1347,hua hong semiconductor limited,electronic technology
6078,hygeia healthcare hldgs co ltd,health technology
6198,qingdao port international co ltd,transportation
489,dongfeng motor group co,consumer durables
772,china literature ltd,consumer services
2282,mgm china hldgs ltd,consumer services
6060,zhongan online p & c ins co ltd,finance
9926,akeso inc,health technology
966,china taiping insurance holdings co,finance
6127,joinn laboratories (china) co ltd,health technology
3888,kingsoft corp,technology services
3948,inner mongolia yitai coal,energy minerals
2039,china intl marine containers(group),process industries
1691,js global lifestyle company ltd,consumer durables
2367,giant biogene hldg co. ltd,consumer non-durables
1882,haitian international holdings ltd,producer manufacturing
3320,china resources pharmaceutical gr,health technology
9898,weibo corporation,technology services
3808,sinotruk (hong kong) ltd,producer manufacturing
1456,guolian securities co ltd,finance
2880,liaoning port co ltd,transportation
1033,sinopec oilfield service corporatio,industrial services
9992,pop mart intl grp ltd,consumer services
2799,china huarong asset management co,finance
2669,china overseas property hldgs ltd,finance
2518,autohome inc,technology services
3931,calb co ltd,producer manufacturing
9896,miniso group hldg ltd,retail trade
1999,man wah holdings ltd,consumer durables
123,yuexiu property co ltd,finance
3698,huishang bank corporation ltd,finance
2689,nine dragons paper holdings,process industries
867,china medical system hldgs ltd,health technology
880,sjm holdings limited,consumer services
220,uni-president china holdings ltd,consumer non-durables
392,beijing enterprise hldgs,utilities
956,china suntien green energy corp ltd,utilities
9688,zai lab limited,health technology
148,kingboard holdings ltd,process industries
1513,livzon pharmaceutical group inc,health technology
973,l'occitane international s.a.,consumer non-durables
9698,gds holdings ltd,technology services
6049,poly property services co ltd,finance
1910,samsonite intl sa,consumer durables
2866,cosco shipping development co ltd,transportation
839,china education gp hldgs ltd,commercial services
338,sinopec shanghai petrochemical co,energy minerals
1313,china resources cement hldgs,non-energy minerals
3918,nagacorp ltd,consumer services
3660,360 digitech inc,finance
9863,zhejiang leapmotor technology co,consumer durables
6199,bank of guizhou co ltd,finance
3900,greentown china holdings ltd,finance
9922,jiumaojiu intl hldgs ltd,consumer services
6655,huaxin cement co ltd,non-energy minerals
6993,blue moon group hldgs ltd,consumer non-durables
412,shandong hi-speed holdings gp ltd,finance
2357,avichina industry & technology,electronic technology
3360,far east horizon limited,finance
1551,guangzhou rural commercial bank,finance
1818,zhaojin mining industry company ltd,non-energy minerals
2252,shanghai microport medbot (group) c,health technology
586,china conch venture hldgs limited,producer manufacturing
8,pccw limited,communications
3996,china energy engineering corp ltd,industrial services
576,zhejiang expressway co,transportation
598,sinotrans limited,transportation
6808,sun art retail group limited,retail trade
6680,jl mag rare-earth co ltd,producer manufacturing
1888,kingboard laminates holdings ltd,producer manufacturing
2128,china lesso group holdings ltd,producer manufacturing
3331,vinda international holdings ltd,consumer non-durables
347,angang steel co ltd,non-energy minerals
1579,yihai international holding ltd,consumer non-durables
694,beijing capital int airport,transportation
1563,international alliance fn ls co ltd,finance
2096,simcere pharmaceutical grp ltd,health technology
1528,red star macalline group corp ltd,finance
659,nws holdings limited,industrial services
683,kerry properties ltd,finance
6660,aim vaccine co ltd,health technology
6698,star cm holdings limited,consumer services
14,hysan development,finance
23,bank of east asia limited,finance
425,minth grp,consumer durables
522,asmpt ltd,electronic technology
9668,china bohai bank,finance
636,kerry logistics network limited,transportation
754,hopson development hldgs,finance
1368,xtep international hldgs ltd,consumer non-durables
1268,china meidong auto holdings limited,retail trade
2009,bbmg corporation,non-energy minerals
631,sany heavy equipment intl hldg co,producer manufacturing
9985,weilong delicious global hldgs ltd,consumer non-durables
317,cssc offshore & marine engineering,producer manufacturing
1508,china reinsurance (group) corp,finance
2018,aac technologies holdings inc,electronic technology
1833,ping an healthcare & techno co ltd,retail trade
817,china jinmao holdings group limited,finance
6185,cansino biologics inc,health technology
2245,lygend resources & technology co,distribution services
13,hutchmed (china) limited,health technology
53,guoco group,consumer services
69,shangri-la asia,consumer services
323,maanshan iron & steel co,non-energy minerals
564,zhengzhou coal mining machinery gro,producer manufacturing
6190,bank of jiujiang co ltd,finance
921,hisense home appliances group co lt,consumer durables
3868,xinyi energy holdings ltd,utilities
1216,zhongyuan bank co ltd,finance
1799,xinte energy co ltd,electronic technology
1114,brilliance china automotive hldgs,consumer durables
1199,cosco shipping ports ltd,transportation
1208,mmg ltd,non-energy minerals
1963,bank of chongqing co ltd,finance
257,china everbright environment grp lt,industrial services
1030,seazen group ltd,finance
3396,legend holdings corporation,finance
9878,huitongda network co ltd,distribution services
9969,innocare pharma ltd,health technology
2469,fenbi ltd,commercial services
1530,3sbio inc,health technology
3866,bank of qingdao co ltd,finance
9899,cloud music inc,technology services
6869,yangtze optical fibre and cable jsc,electronic technology
9989,shenzhen hepalink pharmaceutical,health technology
371,beijing enterprises water gp ltd,industrial services
136,china ruyi holdings ltd,miscellaneous
552,china communications services corp,industrial services
354,chinasoft international limited,technology services
548,shenzhen expressway corporation ltd,transportation
467,united energy group ltd.,energy minerals
189,dongyue group limited,process industries
6699,angelalign technology inc,health technology
1951,jinxin fertility group ltd,health services
10,hang lung group,finance
152,shenzhen international hldgs,transportation
2285,chervon hldgs ltd,producer manufacturing
416,bank of jinzhou,finance
1798,china datang corp renewable pwr co,utilities
570,china traditional chinese med hldgs,health technology
6196,bank of zhengzhou co. ltd,finance
551,yue yuen industrial hldgs,consumer non-durables
1735,central holding group co,industrial services
6826,shanghai haohai biological tech co,distribution services
9869,helens intl hldgs co ltd,consumer services
1958,baic motor corporation limited,consumer durables
2869,greentown service group co ltd,finance
345,vitasoy international holdings,consumer non-durables
1252,china tianrui group cement co ltd,non-energy minerals
3990,midea real estate hldg ltd,finance
3899,cimc enric holdings limited,producer manufacturing
1375,central china securities co ltd,finance
512,grand pharmaceutical group ltd,health technology
579,beijing jingneng clean enrgy co ltd,utilities
2162,keymed biosciences inc,finance
6088,fit hon teng ltd,electronic technology
2386,sinopec engineering(group)co ltd,industrial services
314,sipai health technology co ltd,retail trade
9877,jenscare scientific co ltd,health technology
2013,weimob inc,technology services
1839,cimc vehicles group co ltd,producer manufacturing
719,shandong xinhua pharmaceutical co,health technology
525,guangshen railway co,transportation
1060,alibaba pictures group limited,consumer services
3369,qinhuangdao port co ltd,transportation
9993,radiance holdings group company ltd,finance
1907,china risun grp ltd,energy minerals
590,luk fook hldgs,retail trade
1053,chongqing iron & steel co,non-energy minerals
3633,zhongyu energy holdings ltd,utilities
1258,china nonferrous mining corp ltd,non-energy minerals
200,melco international development,consumer services
1448,fu shou yuan intl grp limited,consumer services
2068,china aluminum intl eng corp ltd,industrial services
2139,bank of gansu co ltd,finance
2314,lee & man paper manufacturing ltd,process industries
2005,ssy group limited,health technology
909,ming yuan cloud group hldgs ltd,technology services
990,theme international hldgs,distribution services
1121,golden solar new energy technology,consumer non-durables
2255,haichang ocean park holdings ltd,consumer services
3319,a-living smart city services co ltd,finance
1606,china dev bank finl leasing co ltd,finance
336,huabao international holdings ltd,consumer non-durables
1316,nexteer automotive group limited,producer manufacturing
1244,3d medicines inc,health technology
45,hong kong & shanghai hotels,consumer services
995,anhui expressway company ltd,transportation
639,shougang fushan resources gp ltd,energy minerals
710,boe varitronix ltd,electronic technology
1992,fosun tourism group,consumer services
2121,qingdao ainnovation tech gp co ltd,technology services
697,shoucheng holdings ltd,consumer services
2343,pacific basin shipping ltd,transportation
1083,towngas smart energy company ltd,utilities
751,skyworth group ltd,electronic technology
41,great eagle hldgs,consumer services
546,fufeng group ltd,consumer non-durables
2186,luye pharma group limited,health technology
303,vtech hldgs,consumer durables
3669,china yongda automobiles ser,retail trade
6606,new horizon health ltd,health services
1812,shandong chenming paper hldgs,process industries
604,shenzhen investment ltd,finance
1675,asiainfo technologies ltd,technology services
8032,viva china holdings limited,consumer services
1302,lifetech scientific corp,health technology
667,china east education hldgs ltd,commercial services
1196,realord group holdings limited,distribution services
81,china overseas grand oceans group l,finance
1811,cgn new energy holdings co ltd,utilities
1858,beijing chunlizhengda med inst co,health technology
9979,greentown mgmt hldgs co ltd,commercial services
1415,cowell e holdings inc,electronic technology
884,cifi holdings group co limited,finance
9966,alphamab oncology,health technology
1516,sunac services hldgs,finance
819,tianneng power international ltd,producer manufacturing
1108,luoyang glass co,consumer durables
38,first tractor company limited,producer manufacturing
2179,jiangsu recbio technology co ltd,commercial services
2172,microport neurotech ltd,health technology
2145,shanghai chicmax cosmetic co ltd,consumer non-durables
811,xinhua winshare publishing & media,distribution services
2157,lepu biopharma co ltd,health technology
9923,yeahka ltd,technology services
3383,agile group holding ltd,finance
2400,xd inc,technology services
1896,maoyan entertainment,consumer services
1578,bank of tianjing,finance
2155,morimatsu international holdings co,producer manufacturing
2099,china gold international resourc cp,non-energy minerals
2171,carsgen therapeutics hldgs ltd,health technology
535,gemdale properties & inv corp ltd,finance
9997,kangji medical hldgs ltd,health technology
363,shanghai industrial hldgs,finance
2273,gushengtang hldgs ltd,technology services
855,china water affair group ltd,utilities
2138,ec healthcare,health services
142,first pacific co,consumer non-durables
357,hainan meilan intl airport co ltd,transportation
2150,nayuki holdings limited,consumer non-durables
1686,sunevision hldgs,technology services
2325,yunkang group ltd,health services
6122,jilin jiutai rural commercial bank,finance
1883,citic telecom intl hldgs ltd,communications
9959,linklogis inc,technology services
1112,health & happiness (h&h) intl hldgs,consumer non-durables
165,china everbright limited,finance
558,l.k. technology holdings limited,producer manufacturing
9857,linmon media ltd,consumer services
1789,ak medical hldgs ltd,health technology
2315,biocytogen pharmaceuticals (beijing,commercial services
2391,tuya inc,technology services
179,johnson electric holdings,producer manufacturing
1381,canvest envir protection gp co ltd,industrial services
1610,cofco joycome foods ltd,distribution services
3613,beijing tong ren tang chinese medic,health technology
777,netdragon websoft holdings ltd,technology services
1458,zhou hei ya int hldgs co ltd,process industries
2411,shenzhen pagoda industrial (group),retail trade
2291,lepu scientech medical technology s,commercial services
34,kowloon development co,finance
308,china travel international,consumer services
460,sihuan pharmaceutical hold gp ltd,health technology
3933,united laboratories intl hldgs ltd,health technology
3983,china bluechemical limited,process industries
1635,shanghai dazhong public utilities g,utilities
1065,tianjin cap environmtl protect grp,industrial services
1070,tcl electronics holdings ltd,consumer durables
3896,kingsoft cloud hldgs ltd,technology services
2402,beijing sinohytec co ltd,producer manufacturing
3738,vobile group ltd,technology services
173,k.wah international hldgs,finance
826,tiangong international co ltd,producer manufacturing
2666,genertec universal med gp co ltd,finance
6686,noah holdings private wealth and as,finance
1271,grand ming group holdings limited,industrial services
1330,dynagreen environmental protection,utilities
9666,jinke smart services group co ltd,finance
553,nanjing panda electronics co,electronic technology
3377,sino-ocean group holdings ltd,finance
520,xiabuxiabu catering mgt(china)hldgs,consumer services
1357,meitu inc,technology services
71,miramar hotel & investment co,finance
2356,dah sing banking group,finance
2299,billion industrial holdings limited,process industries
120,cosmopolitan international hldgs,finance
9699,hangzhou sf intra-city ind co ltd,transportation
272,shui on land limited,finance
1117,china modern dairy holdings ltd,process industries
6055,china tobacco intl (hk) co ltd,consumer non-durables
2362,jinchuan group intl res co ltd,non-energy minerals
1942,mog holdings ltd,finance
6955,shandong boan biotechnology co ltd,health technology
2160,microport cardioflow medtech corp,health technology
2696,shanghai henlius biotech inc,health technology
341,cafe de coral hldgs,consumer services
9858,china youran dairy group ltd,consumer non-durables
3877,cssc (hk) shipping co ltd,transportation
9658,super hi international holding ltd,consumer services
116,chow sang sang hldgs intl,retail trade
1967,confidence intelligence holdings lt,electronic technology
506,china foods ltd,consumer non-durables
2232,crystal intl group ltd,consumer non-durables
650,productive technologies co ltd,energy minerals
1995,cifi ever sunshine svcs group ltd,finance
410,soho china limited,finance
327,pax global technology limited,electronic technology
775,ck life sciences intl hldg,health technology
1515,china res med hldgs co ltd,health services
2390,zhihu inc,technology services
2777,guangzhou r&f properties,finance
2407,gaush meditech ltd,health technology
187,beijing jingcheng machinery elc co,producer manufacturing
1052,yuexiu transport infrastructure ltd,transportation
1666,tong ren tang technologies co,health technology
3380,logan group company ltd,finance
1788,guotai junan intl hlds ltd,finance
6610,flowing cloud technology ltd,technology services
1224,c c land holdings limited,finance
1164,cgn mining company ltd,non-energy minerals
1361,361 degrees international limited,consumer non-durables
9886,dingdang health technology grp ltd,technology services
9638,ferretti spa,consumer durables
1717,ausnutria dairy corp ltd,consumer non-durables
1952,everest medicines ltd,health technology
1860,mobvista inc,technology services
2192,medlive technology co ltd,commercial services
1755,s-enjoy service grp co ltd,finance
1310,hkbn ltd,communications
873,shimao services holdings ltd,finance
9996,peijia medical limited,health technology
297,sinofert holdings,process industries
119,poly property group co ltd,finance
1475,nissin foods company ltd,consumer non-durables
2558,jinshang bank,finance
856,vstecs holdings ltd,technology services
934,sinopec kantons hldgs,industrial services
691,china shanshui cement group ltd,non-energy minerals
1238,powerlong real estate holdings ltd,finance
182,concord new energy group limited,utilities
2373,beauty farm medical and health indu,consumer services
6929,orbusneich medical grp hldgs ltd,health technology
3709,eeka fashion hldgs ltd,retail trade
2500,venus medtech (hangzhou) inc,health technology
6626,yuexiu services group ltd,finance
1905,haitong unitrust intl financial lea,commercial services
3308,golden eagle retail group limited,retail trade
6600,sciclone pharmaceuticals (hldgs) lt,health technology
1477,ocumension therapeutics,health technology
1890,china kepei education group ltd,consumer services
2218,yantai north andre juice co,consumer non-durables
1250,shandong hi-speed new energy gp ltd,utilities
588,beijing north star co,finance
1468,kingkey financial intl (hldg) ltd,finance
2038,fih mobile ltd,electronic technology
3339,lonking holdings ltd,producer manufacturing
1813,kwg group hldgs ltd,finance
80737,shenzhen investment hldgs bay area,industrial services
737,shenzhen investment hldgs bay area,industrial services
1133,harbin electric co ltd,producer manufacturing
797,7road hldgs ltd,technology services
95,lvgem (china) real estate inv co,finance
440,dah sing financial hldgs,finance
86,sun hung kai & co ltd,finance
1983,luzhou bank co ltd,finance
2858,yixin group ltd,finance
373,allied group,finance
3316,binjiang svc group co ltd,finance
1668,china south city holdings limited,finance
1521,frontage holdings corp,health technology
1057,zhejiang shibao,producer manufacturing
215,hutchison telecommunications hk hol,communications
178,sa sa international holdings,retail trade
3309,c-mer eye care hldgs ltd,health services
1916,jiangxi bank co ltd,finance
2678,texhong textile group ltd,process industries
6855,ascentage pharma group intl,health technology
587,china conch environment protection,commercial services
1836,stella international holdings ltd,consumer non-durables
806,value partners group ltd,finance
2001,china new higher education gp ltd,commercial services
2137,brii biosciences l,commercial services
6069,sy holdings group ltd,finance
1765,hope education group co ltd,commercial services
1558,yichang hec changjiang pharmactl co,health technology
8446,in technical productions hlds ltd,producer manufacturing
658,china high speed trans equip group,utilities
743,asia cement china holdings corp,non-energy minerals
1478,q technology group co ltd,electronic technology
2602,onewo inc,finance
665,haitong intl secs group limited,finance
1773,tianli international holdings ltd,commercial services
376,yunfeng financial group ltd,finance
1760,intron technology hldgs ltd,producer manufacturing
28,tian an china investments co,finance
581,china oriental group company ltd,non-energy minerals
8137,honbridge holdings limited,producer manufacturing
107,sichuan expressway co,transportation
861,digital china hldgs,distribution services
6669,acotec scientific hldgs ltd,health technology
315,smartone telecommunications hldgs,communications
1119,idreamsky technology hldgs ltd,technology services
1911,china renaissance hldgs ltd,finance
2686,aag energy holdings limited,energy minerals
1198,royale home holdings ltd,consumer durables
2156,c&d property management group ltd,finance
2877,china shineway pharmaceutical gr,health technology
6100,tongdao liepin group,commercial services
2616,cstone pharmaceuticals,health technology
1622,redco properties group limited,finance
6616,global new material international,process industries
2158,yidu tech inc,technology services
1830,perfect medical health mgt ltd,health services
1176,zhuguang holdings group co ltd,finance
6639,arrail group ltd,health services
256,citychamp watch & jewellery gp ltd,producer manufacturing
35,far east consortium intl,finance
746,lee & man chemical co ltd,process industries
9956,ane (cayman) inc.,transportation
302,cmge technology gp ltd,technology services
1763,china isotope & radiation corp,health technology
6868,tenfu cayman hldgs company ltd,consumer non-durables
1230,yashili intl hldg ltd,consumer non-durables
1866,china xlx fertiliser ltd,process industries
2279,yonghe medical group co ltd,health services
2233,west china cement ltd,non-energy minerals
62,transport international holdings,transportation
1277,kinetic development group ltd,energy minerals
1137,hong kong technology venture co ltd,retail trade
6608,bairong inc,technology services
51,harbour centre development,finance
242,shun tak hldgs,transportation
2257,sirnaomics ltd,health technology
895,dongjiang environmental company ltd,industrial services
1696,sisram medical ltd,health technology
1003,huanxi media group limited,consumer services
1183,mecom power and construction ltd,industrial services
1286,impro precision industries ltd,non-energy minerals
2148,vesync co ltd,technology services
2098,zall smart commerce group ltd,transportation
3306,jnby design ltd,consumer non-durables
1234,china lilang limited,consumer non-durables
686,beijing energy int,utilities
369,wing tai properties ltd,finance
3813,pou sheng intl (holdings) limited,retail trade
906,cpmc hldgs ltd,process industries
1672,ascletis pharma inc,health technology
1576,qilu expressway company ltd,industrial services
493,gome retail holdings ltd,retail trade
207,joy city property limited,finance
1600,tian lun gas holdings ltd,energy minerals
596,inspur international limited,technology services
6989,excellence coml pty & facs mgt gp l,finance
1969,china chunlai education gp co ltd,commercial services
127,chinese estates,finance
1733,e-commodities hldgs ltd,energy minerals
732,truly international hldgs,electronic technology
8083,china youzan ltd,technology services
2199,regina miracle intl (hldgs) ltd,consumer non-durables
830,china state const dev hldgs ltd,non-energy minerals
2235,microtech medical hangzhou co ltd,electronic technology
1167,jacobio pharmaceuticals grp co ltd,health technology
612,china investment fund co ltd,miscellaneous
2190,zylox-tonbridge medical technology,health technology
9983,central china new life ltd,finance
6830,huazhong in-vehicle holdings co ltd,producer manufacturing
1501,shanghai kindly med instrs co ltd,health technology
9939,kintor pharmaceutical ltd,health technology
289,wing on co international,retail trade
1966,china sce gp hldgs ltd,finance
6889,dynam japan hldgs co ltd,consumer services
1857,china everbright water limited,industrial services
382,edvantage group holdings ltd,consumer services
9909,powerlong commercial mgt hldgs ltd,finance
2425,austasia group ltd,process industries
2436,lx technology group ltd,electronic technology
1709,dl holdings group ltd,consumer non-durables
1596,hebei yichen industrial corp gp ltd,producer manufacturing
2552,hua medicine,health technology
8328,xinyi electric storage hldgs ltd,producer manufacturing
606,sce intelligent comm mgmt hldgs ltd,finance
32,cross-harbour(hldgs),consumer services
2219,chaoju eye care holdings ltd,health services
1257,china everbright greentech ltd,utilities
1140,wealthking investments ltd,finance
1031,kingston financial group ltd,finance
1382,pacific textiles hldgs,process industries
98,xingfa aluminium holdings limited,non-energy minerals
2342,comba telecom systems hldgs,electronic technology
517,cosco shipping int (hk) co ltd,transportation
1708,nanjing sample technology co.ltd,technology services
6633,qingci games inc,technology services
480,hkr international,finance
816,jinmao property services co ltd,finance
6988,joy spreader grp inc,technology services
1848,china aircraft leasing gp hldgs ltd,finance
3382,tianjin port development hdgs. ltd.,transportation
1921,dalipal holdings ltd,industrial services
1270,langham hosp&langh hosp invs ltd,finance
2169,canggang railway ltd,transportation
3913,kwg living group hldgs ltd,finance
1205,citic resources holdings limited,energy minerals
2217,tam jai intl co ltd,consumer services
1873,viva biotech holdings,health technology
799,igg inc,technology services
2197,clover biopharmaceuticals ltd,health technology
6996,antengene corp ltd,health technology
6138,harbin bank co ltd,finance
2163,changsha broad homes indl gp co ltd,non-energy minerals
1809,prinx chengshan holdings ltd,finance
8279,agtech holdings limited,distribution services
568,shandong molong petroleum machinery,industrial services
709,giordano international,retail trade
693,tan chong international,producer manufacturing
1084,green future food hydrocolloid mari,consumer non-durables
26,china motor bus co,finance
810,china internet inv fin hldgs ltd,finance
105,associated international hotels,finance
662,asia financial hldgs,finance
1681,consun pharmaceutical grp limited,health technology
258,tomson group,finance
2385,readboy education holding co ltd,electronic technology
1463,c-link squared ltd,commercial services
580,sunking technology group ltd,producer manufacturing
6922,cryofocus medtech shanghai co ltd,distribution services
1970,imax china hldg inc,electronic technology
1233,times china holdings ltd,consumer durables
2322,hong kong chaoshang group ltd,transportation
1785,chengdu expressway co ltd,industrial services
6677,sino ocean service hldg ltd,finance
975,mongolian mining corp,energy minerals
158,melbourne enterprises,finance
798,china electronics optics valley uni,consumer durables
1855,zonqing environmental ltd,commercial services
607,fullshare holdings limited,producer manufacturing
989,hua yin international holdings ltd,communications
1651,precision tsugami (china) corp ltd,producer manufacturing
78,regal hotels intl hldgs,consumer services
259,yeebo(international hldg),electronic technology
807,siic environment holdings ltd,industrial services
1628,yuzhou group holdings company ltd,finance
305,wuling motors hldgs ltd,producer manufacturing
1050,karrie international hldgs,producer manufacturing
1272,datang environment ind grp co ltd,commercial services
9990,archosaur games inc,technology services
3318,china boton group company ltd,producer manufacturing
1729,time interconnect tech ltd,producer manufacturing
1345,shanghai pioneer holding ltd,distribution services
1680,macau legend development limited,consumer services
978,china merchants land limited,finance
50,hong kong ferry(hldgs)co,finance
563,shanghai industrial urban develop g,finance
1660,zhaobangji properties hldgs ltd,finance
2420,zibuyu group limited,retail trade
1122,qingling motors co,consumer durables
1432,china shengmu organic milk limited,consumer non-durables
3833,xinjiang xinxin mining industry co,non-energy minerals
2772,zhongliang holdings group co ltd,finance
2448,space group hldgs ltd,industrial services
194,liu chong hing investment,finance
2337,united strength power hldgs ltd,utilities
1098,road king infrastructure,finance
1817,mulsanne group hldg ltd,retail trade
1599,beijing urban construction design &,industrial services
6978,immunotech biopharm ltd,health technology
3600,modern dental group limited,health technology
1034,fullwealth intnl grp hldg ltd,industrial services
6667,mega genomics ltd,health services
3393,wasion holdings ltd,producer manufacturing
108,gr properties limited,finance
163,emperor international holdings ltd,finance
85,china electronics huada tech co ltd,electronic technology
2225,jinhai intl group hldgs ltd,commercial services
626,public financial holdings limited,finance
6601,cheerwin grp ltd,retail trade
2215,dexin services group ltd,finance
1931,ivd medical holding ltd,distribution services
88,tai cheung hldgs ltd,miscellaneous
846,mingfa group (international) co ltd,consumer durables
1349,shanghai fudan-zhangjian bio-pharm,health technology
1899,xingda international holdings ltd,non-energy minerals
6622,zhaoke ophthalmology ltd,health technology
1231,newton resources ltd,non-energy minerals
1223,symphony hldgs,distribution services
1523,plover bay technologies ltd,electronic technology
1543,guangdong join-share fin gt inv co,finance
3989,capital environmental holdings ltd,industrial services
750,china shuifa singyes engy hldgs ltd,industrial services
2383,tom group limited,consumer services
468,greatview aseptic packaging co ltd,commercial services
2422,rego interactive co ltd,commercial services
1450,century sage scientific hldg ltd,consumer services
2185,shanghai bio-heart biological techn,commercial services
331,fse lifestyle services ltd,commercial services
818,hi sun technology(china) ltd,finance
2722,chongqing machinery & elec co ltd,producer manufacturing
2142,hbm hldgs ltd,health technology
411,lam soon(hong kong),consumer non-durables
185,zensun enterprises ltd,finance
1221,sino hotels hldgs,consumer services
1091,south manganese invt ltd,non-energy minerals
9960,kindstar globalgene technology inc,health services
1184,s.a.s.dragon,distribution services
951,chaowei power hldgs ltd,producer manufacturing
400,ingdan inc,distribution services
9991,baozun inc,retail trade
3611,huafang group inc,technology services
2126,jw (cayman) therapeutics co. ltd,health technology
6638,oneconnect finl technology co ltd,technology services
9911,newborn town inc,technology services
3818,china dongxiang (group) co ltd,consumer non-durables
3718,beijing enterprises urban res group,industrial services
1442,infinity logistics & trans ventures,transportation
2130,cn logistics international hlds ltd,transportation
842,leoch international technology ltd,producer manufacturing
9616,neusoft education technology co ltd,commercial services
1571,xin point hldgs ltd,producer manufacturing
2231,jy grandmark holdings ltd,finance
2660,zengame technology hldg ltd,technology services
1090,da ming intl hldgs ltd,non-energy minerals
330,esprit holdings ltd,retail trade
2361,sinohealth hldgs ltd,technology services
6820,friendtimes inc,technology services
2886,binhai investment co ltd,utilities
1061,essex bio-technology,health technology
1935,jh educational technology inc,consumer services
1428,bright smart sec&commodities gp ltd,finance
29,dynamic holdings,finance
2256,abbisko cayman ltd,health technology
286,aidigong maternal & child hlth ltd,health services
2246,gogox holdings ltd,transportation
329,oci international holdings ltd,finance
3681,sinomab bioscience ltd,health technology
1569,minsheng education group co ltd,commercial services
2101,fulu hldgs ltd,technology services
2368,eagle nice international hldgs,consumer non-durables
6828,beijing gas blue sky holdings ltd,utilities
2002,china sunshine paper hldgs co,process industries
900,aeon credit service asia (cy) ltd,finance
9913,chi kan hldgs ltd,industrial services
6819,intellicentrics global holdings ltd,technology services
1045,apt satellite hldg,communications
2360,best mart 360 hldgs ltd,retail trade
9982,central china mgmt co ltd,finance
1981,cathay media & edu grp inc,consumer services
2207,ronshine service holding co ltd,finance
1332,touyun biotech group ltd,process industries
1321,china new city commercial dev ltd,finance
2167,ti cloud inc,technology services
251,sea hldgs,finance
860,apollo future mobility gp ltd,retail trade
25,chevalier intl hldgs,industrial services
2187,zhixin group holding ltd,finance
2019,dexin china holdings co ltd,finance
6668,e-star commercial management co ltd,finance
326,china star entertainment,consumer services
617,paliburg holdings,consumer services
9986,dashan education hldgs ltd,commercial services
2355,baoye group company limited,industrial services
279,arta techfin corporation ltd,finance
139,central wealth group holdings ltd,consumer durables
398,oriental watch hldgs,distribution services
1373,international housewares retail co,retail trade
1329,beijing capital grand ltd,process industries
1593,chen lin education group hldgs ltd,commercial services
6858,honma golf ltd,consumer durables
3886,town health intl medical gp ltd,health services
878,soundwill holdings,finance
609,tiande chemical holdings limited,process industries
6913,south china vocational education gr,commercial services
695,dongwu cement international ltd,non-energy minerals
6909,betterlife holding ltd,finance
2276,shanghai conant optical co ltd,health technology
3798,homeland interactive technology ltd,technology services
1846,euroeyes intl eye clinic ltd,health services
